{"eid":{"0":1,"1":2,"2":3,"3":3,"4":4,"5":5},"ename":{"0":"Prashant","1":"Amar","2":"Chitra","3":"Chitra","4":"Utkarsha","5":"Ajit"},"esal":{"0":1000,"1":2000,"2":2000,"3":2000,"4":9878,"5":9999},"dept":{"0":"Ops","1":"HR","2":"Testing","3":"Testing","4":"Ops","5":"HR"},"team":{"0":"Agni","1":"Agni","2":"Agni","3":"Agni","4":"Agni","5":"Agni"},"YearlySalary":{"0":12000,"1":24000,"2":24000,"3":24000,"4":118536,"5":119988},"eligibleBonus":{"0":100.0,"1":100.0,"2":100.0,"3":100.0,"4":0.0,"5":0.0},"MaySalary":{"0":1100.0,"1":2100.0,"2":2100.0,"3":2100.0,"4":9878.0,"5":9999.0}}